plant_id,scientific_name,synonym_scientific_name,common_name,family,light_requirement_level,min_lux,max_lux,watering_frequency_days,min_temp_celsius,max_temp_celsius,ideal_humidity_percent,is_toxic_to_dogs,is_toxic_to_cats,toxicity_symptoms,toxicity_status,care_confidence,vernacular_names_en,native_range,image_url,image_license,image_commercial_safe,gbif_usage_key,gbif_source_url,dataset_version
1,Monstera deliciosa,,Swiss Cheese Plant,Araceae,Medium to Bright,1500,5000,7,18,30,60,1,1,"Oral irritation, intense burning of mouth, tongue and lips, excessive drooling, vomiting, difficulty swallowing.",aspca_verified,high,Ceriman,Caribbean; East Africa; Galápagos Islands; INTRODUCED; Middle America; North America,https://inaturalist-open-data.s3.amazonaws.com/photos/605494677/original.jpg,http://creativecommons.org/licenses/by-nc/4.0/,0,2868241,https://www.gbif.org/species/2868241,2026.07
2,Epipremnum aureum,,Golden Pothos,Araceae,Medium to Low,500,3000,7,15,30,50,1,1,"Oral irritation, intense burning and irritation of mouth, tongue and lips, excessive drooling, vomiting.",aspca_verified,high,Devil's Ivy,East Africa; INTRODUCED,https://inaturalist-open-data.s3.amazonaws.com/photos/604831750/original.jpg,http://creativecommons.org/licenses/by-nc/4.0/,0,2868323,https://www.gbif.org/species/2868323,2026.07
3,Philodendron hederaceum,,Heartleaf Philodendron,Araceae,Medium to Low,500,3000,7,16,28,50,1,1,"Oral irritation, burning of mouth and lips, drooling, vomiting.",aspca_verified,high,Vilevine,"Antioquia, Atlántico, Bolívar, Boyacá, Caldas, Casanare, Chocó, Cundinamarca, La Guajira, Magdalena, Meta, Nariño, Norte",https://inaturalist-open-data.s3.amazonaws.com/photos/605640348/original.jpg,http://creativecommons.org/licenses/by-nc/4.0/,0,2871003,https://www.gbif.org/species/2871003,2026.07
4,Spathiphyllum wallisii,,Peace Lily,Araceae,Medium to Low,500,1500,7,15,30,50,1,1,"Oral irritation, intense burning of mouth, tongue and lips, excessive drooling, vomiting.",aspca_verified,high,Peace Lily,Galápagos Islands,https://inaturalist-open-data.s3.amazonaws.com/photos/611754736/original.jpg,http://creativecommons.org/licenses/by-nc/4.0/,0,2869680,https://www.gbif.org/species/2869680,2026.07
5,Anthurium andraeanum,,Flamingo Lily,Araceae,Medium to Bright,1500,4000,7,18,30,70,1,1,"Oral irritation, blistering of mouth and tongue, drooling, vomiting.",aspca_verified,high,Flamingo-Lily,"Armenia | Barrancabermeja | Montería | Villavicencio | Manizales | Pasto; Colombia; Colombia, Nariño, Ricaurte, Resguard",https://inaturalist-open-data.s3.amazonaws.com/photos/605732736/original.jpg,http://creativecommons.org/licenses/by-nc/4.0/,0,2872695,https://www.gbif.org/species/2872695,2026.07
6,Zamioculcas zamiifolia,,ZZ Plant,Araceae,Low,250,2000,14,15,30,40,1,1,"Mild to moderate oral irritation, excessive drooling, vomiting.",aspca_verified,high,ZZ Plant,Kenya; KwaZulu-Natal; Malawi; Mozambique,https://inaturalist-open-data.s3.amazonaws.com/photos/613586648/original.jpg,http://creativecommons.org/licenses/by-nc/4.0/,0,2869014,https://www.gbif.org/species/2869014,2026.07
7,Aglaonema commutatum,,Chinese Evergreen,Araceae,Medium to Low,500,2500,10,16,28,50,1,1,"Oral irritation, pain and swelling of mouth, tongue and lips, excessive drooling, vomiting.",aspca_verified,high,Chinese evergreen,Caribbean; East Africa; Galápagos Islands; INTRODUCED; North America; Oceania; Southern Asia,https://inaturalist-open-data.s3.amazonaws.com/photos/609503106/original.jpg,http://creativecommons.org/licenses/by-nc/4.0/,0,2866467,https://www.gbif.org/species/2866467,2026.07
8,Syngonium podophyllum,,Arrowhead Vine,Araceae,Medium to Bright,1000,3500,7,16,28,60,1,1,"Oral irritation, intense burning of mouth, tongue and lips, excessive drooling, vomiting.",aspca_verified,high,African evergreen,"Amazonas, Antioquia, Boyacá, Caldas, Caquetá, Cauca, Chocó, Cundinamarca, Huila, Magdalena, Meta, Nariño, Putumayo, Quin",https://inaturalist-open-data.s3.amazonaws.com/photos/604613846/original.jpg,http://creativecommons.org/licenses/by-nc/4.0/,0,2867866,https://www.gbif.org/species/2867866,2026.07
10,Dieffenbachia seguine,,Dumb Cane,Araceae,Medium,1000,3000,7,16,28,60,1,1,"Severe oral irritation, intense burning and swelling of mouth and tongue, excessive drooling, respiratory compromise.",aspca_verified,high,Dumb-cane,Caribbean; Galápagos Islands; Oceania; South America,https://inaturalist-open-data.s3.amazonaws.com/photos/606335823/original.jpg,http://creativecommons.org/licenses/by-nc/4.0/,0,2869345,https://www.gbif.org/species/2869345,2026.07
11,Dracaena trifasciata,Sansevieria trifasciata,Snake Plant,Asparagaceae,Low to Bright,250,5000,14,10,35,30,1,1,"Nausea, vomiting, diarrhea, excessive drooling.",aspca_verified,high,"Snake plant, Mother-in-law's tongue, Viper's bowstring hemp, Snake Sansevieria, Bowstring hemp, Good luck plant, Mother-in-law's nose",Africa; Australia; Caribbean; INTRODUCED; Middle America; North America; Oceania; South America; Southern Asia,https://inaturalist-open-data.s3.amazonaws.com/photos/604529562/original.jpg,http://creativecommons.org/publicdomain/zero/1.0/,1,11041822,https://www.gbif.org/species/11041822,2026.07
12,Chlorophytum comosum,,Spider Plant,Asparagaceae,Medium to Bright,1000,4000,7,10,30,50,0,0,Non-toxic. Safe for dogs and cats.,aspca_verified,high,Bracket plant,East Africa; Galápagos Islands; INTRODUCED; North America; Tristan da Cunha,https://inaturalist-open-data.s3.amazonaws.com/photos/607547399/original.jpg,http://creativecommons.org/licenses/by-nc/4.0/,0,2774846,https://www.gbif.org/species/2774846,2026.07
14,Dracaena fragrans,,Corn Plant,Asparagaceae,Medium,800,3000,10,15,30,40,1,1,"Vomiting, depression, anorexia, hypersalivation.",aspca_verified,high,Dracaena 'Janet Craig Compact',Caribbean; Galápagos Islands; INTRODUCED,https://inaturalist-open-data.s3.amazonaws.com/photos/606113429/original.jpg,http://creativecommons.org/licenses/by-nc/4.0/,0,5304583,https://www.gbif.org/species/5304583,2026.07
15,Yucca gigantea,Yucca elephantipes,Spineless Yucca,Asparagaceae,Bright Indirect,2000,6000,14,10,35,30,1,1,"Vomiting, diarrhea, depression, drooling, weakness.",aspca_verified,high,Spineless Yucca,Caribbean; Galápagos Islands; INTRODUCED,https://inaturalist-open-data.s3.amazonaws.com/photos/605089699/original.jpg,http://creativecommons.org/licenses/by-nc/4.0/,0,2775716,https://www.gbif.org/species/2775716,2026.07
16,Beaucarnea recurvata,,Ponytail Palm,Asparagaceae,Bright Indirect,2000,6000,14,10,35,30,0,0,Non-toxic. Safe for dogs and cats.,aspca_verified,high,Elephant's-foot,Global; Jardín Botánico de Bogotá; Mexico Gulf; Mexico Northeast; Mexico Southwest; Middle America; Área urbana de Bogot,https://inaturalist-open-data.s3.amazonaws.com/photos/609062240/original.jpg,http://creativecommons.org/licenses/by-nc/4.0/,0,2768035,https://www.gbif.org/species/2768035,2026.07
17,Asparagus setaceus,,Asparagus Fern,Asparagaceae,Medium to Bright,1000,3500,5,10,28,60,1,1,"Allergic dermatitis with repeated contact; berry ingestion causes vomiting, diarrhea, abdominal pain.",aspca_verified,high,= Asparagus setaceus (Kunth) Jessop,Africa; Australia; Caribbean; East Africa; Europe & Northern Asia (excluding China); Galápagos Islands; INTRODUCED; Midd,https://inaturalist-open-data.s3.amazonaws.com/photos/604980978/original.jpg,http://creativecommons.org/licenses/by/4.0/,1,2768686,https://www.gbif.org/species/2768686,2026.07
18,Ficus lyrata,,Fiddle Leaf Fig,Moraceae,Bright Indirect,2500,6000,7,15,30,60,1,1,"Oral irritation, excessive drooling, vomiting, dermal irritation from milky sap.",aspca_verified,high,Fiddle-leaf Fig,Armenia | Montería; Benin; Cameroon; Canary Is.; Canary Isl. [I] (Tenerife [I]); Guinea-Bissau; Guinea; Sierra Leone; Li,https://inaturalist-open-data.s3.amazonaws.com/photos/611639718/original.jpg,http://creativecommons.org/licenses/by-nc/4.0/,0,5361899,https://www.gbif.org/species/5361899,2026.07
19,Ficus elastica,,Rubber Tree,Moraceae,Medium to Bright,1500,5000,7,15,30,50,1,1,"Oral irritation, excessive drooling, vomiting, skin and eye irritation.",aspca_verified,high,India Rubber Tree,"AI; Buenavista; Circasia; Cultivada en los trópicos; Departamento de Quindío, municipio de Córdoba; Departamento del Qui",https://inaturalist-open-data.s3.amazonaws.com/photos/605480894/original.jpg,http://creativecommons.org/licenses/by-nc/4.0/,0,7835333,https://www.gbif.org/species/7835333,2026.07
20,Ficus benjamina,,Weeping Fig,Moraceae,Bright Indirect,2000,5500,7,16,30,50,1,1,"Oral irritation, excessive drooling, vomiting.",aspca_verified,high,Ficus,"Benin [I]; China (Guangdong, Guangxi, Guizhou, Hainan, Yunnan); Bhutan; India (throughout); Sri Lanka; Bangladesh; Andam",https://inaturalist-open-data.s3.amazonaws.com/photos/605714058/original.jpg,http://creativecommons.org/licenses/by-nc/4.0/,0,5361932,https://www.gbif.org/species/5361932,2026.07
21,Ficus pumila,,Creeping Fig,Moraceae,Medium to Bright,1500,4500,5,15,28,65,1,1,"Oral irritation, salivation, vomiting, dermal irritation.",aspca_verified,high,Climbing fig,Bogotá; Caribbean; Cultivada en los trópicos; East Africa; Galápagos Islands; Manizales | Pasto; Morocco [c]; Algeria [c,https://inaturalist-open-data.s3.amazonaws.com/photos/605313744/original.jpg,http://creativecommons.org/licenses/by-nc/4.0/,0,5361930,https://www.gbif.org/species/5361930,2026.07
22,Schlumbergera truncata,,Christmas Cactus,Cactaceae,Bright Indirect,1500,4000,10,15,28,50,0,0,Non-toxic. Safe for dogs and cats.,aspca_verified,high,False Christmas Cactus,BR; Brazil Southeast; Galápagos Islands; Global; Manizales; Mozambique [I]; Java [I]; SE-Brazil (Rio de Janeiro); Vietna,https://inaturalist-open-data.s3.amazonaws.com/photos/658908935/original.jpg,http://creativecommons.org/licenses/by-nc/4.0/,0,5383983,https://www.gbif.org/species/5383983,2026.07
23,Opuntia microdasys,,Bunny Ears Cactus,Cactaceae,Direct Sun,5000,15000,21,10,38,20,0,0,"Chemically non-toxic, but glochids (micro-spines) cause severe mechanical skin and oral irritation.",aspca_verified,high,Angel's-wings,Algeria; Arizona; Galápagos Islands; Greece [I]; South Africa [I]; Northern Caucasus [I]; Georgia [Caucasus] [I]; India ,https://inaturalist-open-data.s3.amazonaws.com/photos/605491279/original.jpg,http://creativecommons.org/licenses/by-nc/4.0/,0,7283961,https://www.gbif.org/species/7283961,2026.07
24,Kroenleinia grusonii,Echinocactus grusonii,Golden Barrel Cactus,Cactaceae,Direct Sun,6000,18000,21,10,40,20,0,0,"Chemically non-toxic, but spines cause mechanical injury.",aspca_verified,high,barrel cactus,BR; Mexico (Querétaro); Mexico Northeast,https://inaturalist-open-data.s3.amazonaws.com/photos/682813170/original.jpg,http://creativecommons.org/licenses/by-nc/4.0/,0,10911827,https://www.gbif.org/species/10911827,2026.07
25,Mammillaria hahniana,,Old Lady Cactus,Cactaceae,Direct Sun,5000,15000,21,10,35,20,0,0,"Chemically non-toxic, mechanical irritation from spines.",aspca_verified,high,old woman cactus,BR; Global; Mexico Northeast; Mexico Southwest; TW,https://inaturalist-open-data.s3.amazonaws.com/photos/672204698/original.jpg,http://creativecommons.org/licenses/by-nc/4.0/,0,7280027,https://www.gbif.org/species/7280027,2026.07
26,Crassula ovata,,Jade Plant,Crassulaceae,Bright Indirect,2500,8000,14,10,30,30,1,1,"Vomiting, depression, ataxia (wobbliness), slow heart rate.",aspca_verified,high,Jade plant,"California; Canary Is.; Cape Provinces; East Africa; Galápagos Islands; Italy [I]; Canary Isl. [I] (La Palma [I], La Gom",https://inaturalist-open-data.s3.amazonaws.com/photos/605200286/original.jpg,http://creativecommons.org/licenses/by-nc/4.0/,0,5362063,https://www.gbif.org/species/5362063,2026.07
27,Echeveria elegans,,Mexican Snowball,Crassulaceae,Bright Indirect,3000,10000,14,10,32,30,0,0,Non-toxic. Safe for dogs and cats.,aspca_verified,high,Mexican snowball,"BR; IN; Mexico Gulf; Mexico Northeast; Mexico Southwest; Slovakia [I]; Mexico (Chihuahua, Coahuila, Hidalgo, Jalisco, Nu",https://inaturalist-open-data.s3.amazonaws.com/photos/613510512/original.jpg,http://creativecommons.org/licenses/by-nc/4.0/,0,8315197,https://www.gbif.org/species/8315197,2026.07
28,Sedum morganianum,,Burro's Tail,Crassulaceae,Bright Indirect,2500,8000,14,10,30,30,0,0,Non-toxic. Safe for dogs and cats.,aspca_verified,high,Donkeytail,"BR; Boyacá, Caldas, Quindío, Risaralda, Valle; Dominican Republic; INTRODUCED; Manizales; Mexico Central; Mexico Gulf; M",https://inaturalist-open-data.s3.amazonaws.com/photos/657232888/original.jpg,http://creativecommons.org/licenses/by-nc/4.0/,0,5690408,https://www.gbif.org/species/5690408,2026.07
29,Kalanchoe tomentosa,,Panda Plant,Crassulaceae,Bright Indirect,2500,8000,14,12,30,30,1,1,"Vomiting, diarrhea, abnormal heart rhythm (cardiac glycosides), weakness.",aspca_verified,high,Panda Plant,BR; C-Madagascar; Dominican Republic [I]; Haiti [I]; Global; Madagascar; TW,https://inaturalist-open-data.s3.amazonaws.com/photos/615683589/original.jpg,http://creativecommons.org/licenses/by-nc/4.0/,0,4198346,https://www.gbif.org/species/4198346,2026.07
30,Maranta leuconeura,,Prayer Plant,Marantaceae,Medium to Bright,1000,3500,5,18,28,70,0,0,Non-toxic. Safe for dogs and cats.,aspca_verified,high,prayerplant,Brazil Northeast; Brazil Southeast; Brazil West-Central; East Africa; Manizales,https://inaturalist-open-data.s3.amazonaws.com/photos/629101118/original.jpg,http://creativecommons.org/licenses/by-nc/4.0/,0,2761337,https://www.gbif.org/species/2761337,2026.07
32,Goeppertia insignis,,Rattlesnake Plant,Marantaceae,Medium to Bright,1000,3000,5,18,28,70,0,0,Non-toxic. Safe for dogs and cats.,aspca_verified,high,Rattlesnake-plant,BR; Brazil Southeast,https://inaturalist-open-data.s3.amazonaws.com/photos/664072566/original.jpg,http://creativecommons.org/licenses/by/4.0/,1,11035519,https://www.gbif.org/species/11035519,2026.07
33,Peperomia obtusifolia,,Baby Rubber Plant,Piperaceae,Medium to Bright,1000,4000,10,15,28,50,0,0,Non-toxic. Safe for dogs and cats.,aspca_verified,high,American rubberplant,Armenia; Bahamas; Belize; Benin [I]; Cameroon [I]; Taiwan [I]; Rotuma Isl. [I]; Cook Isl. [I] (Rarotonga [I]); Society I,https://inaturalist-open-data.s3.amazonaws.com/photos/608460572/original.jpg,http://creativecommons.org/licenses/by-nc/4.0/,0,3086423,https://www.gbif.org/species/3086423,2026.07
34,Peperomia argyreia,,Watermelon Peperomia,Piperaceae,Medium to Bright,1000,3500,7,15,28,55,0,0,Non-toxic. Safe for dogs and cats.,aspca_verified,high,watermelon pepper,"BR; Caquetá | Antioquia | Tolima | Santander; Cuenca río Prado: Veredas Alto Torres, La Virginia y Las Catorce, Cunday; ",https://cdn.floridamuseum.ufl.edu/Herbarium/4f6046ea-bd7a-48f0-afc4-b8cf9e9d1c10,http://creativecommons.org/licenses/by-nc/4.0/,0,4189296,https://www.gbif.org/species/4189296,2026.07
35,Streptocarpus ionanthus,Saintpaulia ionantha,African Violet,Gesneriaceae,Medium to Bright,1000,3500,7,18,26,60,0,0,Non-toxic. Safe for dogs and cats.,aspca_verified,high,African Violet,"Chagos Archipelago; Diego Garcia, Main; Kenya; Tanzania; Trinidad-Tobago",https://inaturalist-open-data.s3.amazonaws.com/photos/613179630/original.jpg,http://creativecommons.org/licenses/by-nc/4.0/,0,6710927,https://www.gbif.org/species/6710927,2026.07
36,Aeschynanthus radicans,,Lipstick Plant,Gesneriaceae,Bright Indirect,1500,4000,7,18,28,60,0,0,Non-toxic. Safe for dogs and cats.,aspca_verified,high,lipstickplant,Borneo; Malaya; Mauritius [I]; Thailand; peninsular Malaysia (widespread); +Singapore; Sumatra (incl. Mentawai Isl.: Sib,https://bs.plantnet.org/image/o/2fe1d8a96fad0459f17b368fa3be772be1d22d74,Gian Andrea Pagnoni (cc-by-sa),0,3824774,https://www.gbif.org/species/3824774,2026.07
37,Guzmania lingulata,,Scarlet Star Bromeliad,Bromeliaceae,Bright Indirect,1500,4500,7,16,30,60,0,0,Non-toxic. Safe for dogs and cats.,aspca_verified,high,Droophead Tufted Airplant,Caribbean; Middle America; South America,https://inaturalist-open-data.s3.amazonaws.com/photos/605359831/original.jpg,http://creativecommons.org/licenses/by-nc/4.0/,0,2699095,https://www.gbif.org/species/2699095,2026.07
38,Wallisia cyanea,,Pink Quill,Bromeliaceae,Bright Indirect,1500,4000,7,15,30,60,0,0,Non-toxic. Safe for dogs and cats.,aspca_verified,high,Blue Torch,Ecuador; Peru,https://inaturalist-open-data.s3.amazonaws.com/photos/610292207/original.jpg,http://creativecommons.org/licenses/by-nc/4.0/,0,9556126,https://www.gbif.org/species/9556126,2026.07
40,Ludisia discolor,,Jewel Orchid,Orchidaceae,Medium to Low,500,2000,5,18,28,70,0,0,Non-toxic. Safe for dogs and cats.,aspca_verified,high,jewel orchid,,https://inaturalist-open-data.s3.amazonaws.com/photos/628012923/original.jpg,http://creativecommons.org/licenses/by-nc/4.0/,0,8002439,https://www.gbif.org/species/8002439,2026.07
41,Nephrolepis exaltata,,Boston Fern,Nephrolepidaceae,Medium to Bright,1000,3500,4,15,28,75,0,0,Non-toxic. Safe for dogs and cats.,aspca_verified,high,Boston Swordfern,Algeria; Armenia | Montería | Yopal | Manizales | Pasto; Caribbean; Galápagos Islands; INTRODUCED; North America; Oceani,https://inaturalist-open-data.s3.amazonaws.com/photos/606089924/original.jpg,http://creativecommons.org/licenses/by-nc/4.0/,0,2650927,https://www.gbif.org/species/2650927,2026.07
42,Platycerium bifurcatum,,Staghorn Fern,Polypodiaceae,Bright Indirect,1500,4500,7,15,30,70,0,0,Non-toxic. Safe for dogs and cats.,aspca_verified,high,Elkhorn Fern,Bogotá; Canary Is.; Canary Isl. [I] (La Palma Isl. [I]); South Africa [I] (KwaZulu-Natal [I]); Ascension Isl. [I]; Austr,https://inaturalist-open-data.s3.amazonaws.com/photos/604976366/original.jpg,http://creativecommons.org/licenses/by-nc/4.0/,0,7126767,https://www.gbif.org/species/7126767,2026.07
43,Phlebodium aureum,,Blue Star Fern,Polypodiaceae,Medium to Bright,1000,3500,5,15,28,70,0,0,Non-toxic. Safe for dogs and cats.,aspca_verified,high,Gold-foot Fern,"Barrancabermeja | Manizales; Canary Isl. [I] (La Palma Isl. [I], Tenerife [I]); Zimbabwe [I]; South Africa [I] (KwaZulu-",https://inaturalist-open-data.s3.amazonaws.com/photos/605714609/original.jpg,http://creativecommons.org/licenses/by-nc/4.0/,0,2650479,https://www.gbif.org/species/2650479,2026.07
44,Chamaedorea elegans,,Parlor Palm,Arecaceae,Medium to Low,500,2500,7,15,28,50,0,0,Non-toxic. Safe for dogs and cats.,aspca_verified,high,Neanthe bella palm,INTRODUCED; Middle America,https://inaturalist-open-data.s3.amazonaws.com/photos/616161780/original.jpg,http://creativecommons.org/licenses/by-nc/4.0/,0,2734661,https://www.gbif.org/species/2734661,2026.07
45,Dypsis lutescens,,Areca Palm,Arecaceae,Bright Indirect,2000,6000,7,16,30,60,0,0,Non-toxic. Safe for dogs and cats.,aspca_verified,high,Areca palm,Africa; Armenia | Montería | Yopal | Manizales; Bogotá; Bucaramanga; Caribbean; Galápagos Islands; Global; INTRODUCED; J,https://inaturalist-open-data.s3.amazonaws.com/photos/604561548/original.jpg,http://creativecommons.org/publicdomain/zero/1.0/,1,2735935,https://www.gbif.org/species/2735935,2026.07
46,Ravenea rivularis,,Majesty Palm,Arecaceae,Bright Indirect,2500,6500,5,16,30,65,0,0,Non-toxic. Safe for dogs and cats.,aspca_verified,high,Majestic Palm,Africa; BR; Global; Madagascar; TW,https://inaturalist-open-data.s3.amazonaws.com/photos/628078973/original.jpg,http://creativecommons.org/licenses/by-nc/4.0/,0,2739031,https://www.gbif.org/species/2739031,2026.07
47,Begonia maculata,,Polka Dot Begonia,Begoniaceae,Bright Indirect,1500,4000,5,16,28,65,1,1,"Oral irritation, intense burning of mouth, tongue and lips, excessive drooling, vomiting, kidney failure in severe cases (soluble calcium oxalates).",aspca_verified,high,Cane Begonia,Argentina Northeast; BR; Brazil Southeast; Cuba; Dominican Republic; INTRODUCED; Mexico Gulf; Mexico Northeast; Mexico S,https://inaturalist-open-data.s3.amazonaws.com/photos/607963509/original.jpg,http://creativecommons.org/licenses/by-nc/4.0/,0,7303475,https://www.gbif.org/species/7303475,2026.07
48,Begonia rex-cultorum,,Rex Begonia,Begoniaceae,Medium to Bright,1000,3500,7,16,26,60,1,1,"Oral irritation, intense burning and swelling of mouth and tongue, excessive drooling, vomiting.",aspca_verified,high,beefsteak-geranium,,https://inaturalist-open-data.s3.amazonaws.com/photos/465769018/original.jpeg,http://creativecommons.org/licenses/by-nc/4.0/,0,4930983,https://www.gbif.org/species/4930983,2026.07
49,Pilea peperomioides,,Chinese Money Plant,Urticaceae,Bright Indirect,1500,4500,7,13,30,50,0,0,Non-toxic. Safe for dogs and cats.,aspca_verified,high,Chinese money plant,"BR; Belgium; Belgium [I]; China (SW-Sichuan, W-Yunnan); India [c]; China South-Central; Flemish Region",https://bs.plantnet.org/image/o/fe798e9da8fec7086ea36d72a7568bf463c9dc53,Cristina (cc-by-sa),0,5669632,https://www.gbif.org/species/5669632,2026.07
50,Pilea involucrata,,Friendship Plant,Urticaceae,Medium to Bright,1000,3500,5,16,28,65,0,0,Non-toxic. Safe for dogs and cats.,aspca_verified,high,Clearweed,"Alabama; Andaman Is.; Angola; Argentina Northeast; Cerro Mecana, municipio Bahía Solano, Chocó; Departamento del Putumay",https://inaturalist-open-data.s3.amazonaws.com/photos/605027934/original.jpg,http://creativecommons.org/licenses/by-nc/4.0/,0,2984417,https://www.gbif.org/species/2984417,2026.07
51,Euphorbia trigona,,African Milk Tree,Euphorbiaceae,Bright Indirect,3000,10000,14,15,32,30,1,1,"Severe skin and eye irritation from milky latex sap; ingestion causes oral irritation, vomiting, and diarrhea.",aspca_verified,high,African milktree,Africa; Angola; Bangladesh; Congo; DR Congo; Gabon; INTRODUCED; India; Malawi; Myanmar,https://inaturalist-open-data.s3.amazonaws.com/photos/615572683/original.jpg,http://creativecommons.org/licenses/by-nc/4.0/,0,3067098,https://www.gbif.org/species/3067098,2026.07
52,Codiaeum variegatum,,Croton,Euphorbiaceae,Bright Indirect,2500,8000,7,16,30,60,1,1,"Oral irritation, excessive drooling, vomiting, diarrhea, skin eczema.",aspca_verified,high,Garden Croton,Andaman Is.; Armenia | Barrancabermeja | Yopal | Villavicencio | Manizales; Bangladesh; Bismarck Archipelago; Bogotá; Bo,https://inaturalist-open-data.s3.amazonaws.com/photos/604986001/original.jpg,http://creativecommons.org/licenses/by-nc/4.0/,0,3071476,https://www.gbif.org/species/3071476,2026.07
53,Plectranthus verticillatus,,Swedish Ivy,Lamiaceae,Bright Indirect,1500,4500,7,15,28,50,0,0,Non-toxic. Safe for dogs and cats.,aspca_verified,high,Gossip Spurflower,"Africa; Caribbean; Galápagos Islands; INTRODUCED; Middle America; Mozambique; South Africa (Limpopo, Gauteng, Mpulamanga",https://inaturalist-open-data.s3.amazonaws.com/photos/606313393/original.jpg,http://creativecommons.org/licenses/by-nc/4.0/,0,2926638,https://www.gbif.org/species/2926638,2026.07
54,Coleus scutellarioides,,Coleus,Lamiaceae,Bright Indirect,2000,6000,5,15,30,55,1,1,"Vomiting, diarrhea, depression, anorexia, bloody diarrhea (essential oils).",aspca_verified,high,Coleus,Australia; Bangladesh; Belize; Bismarck Archipelago; Bogotá; Caribbean; Germany [I]; Guinea [I]; Benin [I]; Cameroon [I],https://inaturalist-open-data.s3.amazonaws.com/photos/604800589/original.jpg,http://creativecommons.org/licenses/by-nc/4.0/,0,5341492,https://www.gbif.org/species/5341492,2026.07
55,Hoya carnosa,,Wax Plant,Apocynaceae,Bright Indirect,2000,6000,10,15,30,50,0,0,Non-toxic. Safe for dogs and cats.,aspca_verified,high,Common Wax-plant,Bangladesh; China South-Central; China Southeast; East Himalaya; Fiji; Galápagos Islands; Hainan; Japan; Villavicencio |,https://inaturalist-open-data.s3.amazonaws.com/photos/605045860/original.jpg,http://creativecommons.org/licenses/by-nc/4.0/,0,8658195,https://www.gbif.org/species/8658195,2026.07
56,Ceropegia woodii,,String of Hearts,Apocynaceae,Bright Indirect,2000,6000,10,15,30,40,0,0,Non-toxic. Safe for dogs and cats.,aspca_verified,high,Rosary Vine,Bismarck Archipelago; Cape Provinces; Eswatini; KwaZulu-Natal; Mozambique; Northern Provinces; Society Is.; TW; Zimbabwe,https://inaturalist-open-data.s3.amazonaws.com/photos/615469819/original.jpg,http://creativecommons.org/licenses/by-nc/4.0/,0,3572767,https://www.gbif.org/species/3572767,2026.07
57,Hedera helix,,English Ivy,Araliaceae,Medium to Bright,1000,4000,7,10,25,50,1,1,"Vomiting, abdominal pain, hypersalivation, diarrhea (triterpenoid saponins).",aspca_verified,high,English Ivy,East Africa; INTRODUCED; North America; Oceania; Reunion,https://live.staticflickr.com/65535/55022246482_5b16b26edb_b.jpg,"Copyright by the creator. For license and creator details, see https://nabu-naturgucker-beobachtungen.de/?sprache=en&bild=507337833.",0,8351737,https://www.gbif.org/species/8351737,2026.07
59,Tradescantia zebrina,,Wandering Dude,Commelinaceae,Bright Indirect,1500,5000,7,15,28,50,1,1,"Allergic dermatitis, skin irritation from contact with leaves; mild gastrointestinal upset upon ingestion.",aspca_verified,high,Inch-plant,Caribbean; Complejo Humedales Hato Corozal. Cienaga Zapatosa; East Africa; Galápagos Islands; INTRODUCED; Middle America,https://inaturalist-open-data.s3.amazonaws.com/photos/604613500/original.jpg,http://creativecommons.org/licenses/by-nc/4.0/,0,2765359,https://www.gbif.org/species/2765359,2026.07
60,Tradescantia fluminensis,,Small-Leaf Spiderwort,Commelinaceae,Medium to Bright,1000,4000,7,15,28,50,1,1,"Allergic dermatitis, skin irritation.",aspca_verified,high,Small-leaf spiderwort,Africa; Australia; Galápagos Islands; INTRODUCED; North America; Oceania; Tristan da Cunha,https://inaturalist-open-data.s3.amazonaws.com/photos/604466701/original.jpg,http://creativecommons.org/licenses/by/4.0/,1,2765156,https://www.gbif.org/species/2765156,2026.07
61,Oxalis triangularis,,False Shamrock,Oxalidaceae,Bright Indirect,2000,6000,7,15,26,50,1,1,"Drooling, vomiting, diarrhea, lethargy, kidney failure in severe cases (soluble oxalic acid).",aspca_verified,high,Wood Sorrel,Argentina Northeast; Argentina Northwest; Arkansas; Bolivia; Brazil North; Brazil Northeast; Brazil Southeast; Galápagos,https://inaturalist-open-data.s3.amazonaws.com/photos/609308690/original.jpg,http://creativecommons.org/licenses/by-nc/4.0/,0,7156971,https://www.gbif.org/species/7156971,2026.07
62,Aloe vera,,Aloe Vera,Asphodelaceae,Bright Indirect,2500,8000,14,13,32,30,1,1,"Vomiting, lethargy, diarrhea, anorexia, tremors, change in urine color (saponins and anthraquinones).",aspca_verified,high,Aloe,Africa; Australia; Galápagos Islands; INTRODUCED,https://inaturalist-open-data.s3.amazonaws.com/photos/605428931/original.jpg,http://creativecommons.org/licenses/by-nc/4.0/,0,2777724,https://www.gbif.org/species/2777724,2026.07
64,Fittonia albivenis,,Nerve Plant,Acanthaceae,Medium to Low,500,2500,5,18,28,75,0,0,Non-toxic. Safe for dogs and cats.,aspca_verified,high,mosaic-plant,Armenia | Barrancabermeja | Montería | Yopal | Villavicencio | Manizales; Bangladesh; Bolivia; Brazil North; Cameroon [I,https://inaturalist-open-data.s3.amazonaws.com/photos/608483280/original.jpg,http://creativecommons.org/licenses/by-nc/4.0/,0,5574508,https://www.gbif.org/species/5574508,2026.07
65,Hypoestes phyllostachya,,Polka Dot Plant,Acanthaceae,Bright Indirect,1500,4500,5,18,28,60,0,0,Non-toxic. Safe for dogs and cats.,aspca_verified,high,Baby's Tears,Armenia | Manizales | Pasto; Assam; Bogotá; Caribbean; East Africa; Galápagos Islands; INTRODUCED; Madagascar; Nepal [I],https://inaturalist-open-data.s3.amazonaws.com/photos/609153221/original.jpg,http://creativecommons.org/licenses/by-nc/4.0/,0,3173196,https://www.gbif.org/species/3173196,2026.07
66,Bougainvillea glabra,,Paper Flower,Nyctaginaceae,Direct Sun,5000,15000,10,15,35,40,0,0,"Chemically non-toxic, but thorns can cause mechanical skin and mouth injury.",aspca_verified,high,Bougainvillea,Algeria; Andaman Is.; Armenia | Montería | Leticia | Villavicencio | Manizales | Pasto; Caribbean; INTRODUCED; Jardín Bo,https://inaturalist-open-data.s3.amazonaws.com/photos/610263561/original.jpg,http://creativecommons.org/licenses/by-nc/4.0/,0,5384862,https://www.gbif.org/species/5384862,2026.07
67,Hibiscus rosa-sinensis,,Chinese Hibiscus,Malvaceae,Direct Sun,4000,12000,5,15,32,60,1,1,"Vomiting, diarrhea, nausea, anorexia.",aspca_verified,high,China-rose,Armenia | Leticia | Manizales | Pasto; Caribbean; East Africa; Galápagos Islands; INTRODUCED; Jardín Botánico de Bogotá;,https://inaturalist-open-data.s3.amazonaws.com/photos/606423816/original.jpg,http://creativecommons.org/licenses/by-nc/4.0/,0,3152559,https://www.gbif.org/species/3152559,2026.07
68,Pachira aquatica,,Money Tree,Malvaceae,Bright Indirect,1500,5000,7,16,30,55,0,0,Non-toxic. Safe for dogs and cats.,aspca_verified,high,Guiana-Chestnut,"Amazonia nororiental de Colombia, departamento del Guainía, municipio de Inírida.; Antioquia, Cauca, Chocó, Cundinamarca",https://inaturalist-open-data.s3.amazonaws.com/photos/608285375/original.jpg,http://creativecommons.org/licenses/by-nc/4.0/,0,3152235,https://www.gbif.org/species/3152235,2026.07
69,Cyclamen persicum,,Florist's Cyclamen,Primulaceae,Bright Indirect,1500,4000,7,10,20,50,1,1,"Salivation, vomiting, diarrhea; ingestion of tubers can cause heart rhythm abnormalities, seizures, and death.",aspca_verified,high,Common Cyclamen,Algeria; Cyprus; East Aegean Is.; Greece; INTRODUCED; Italy; Kriti; Lebanon-Syria; NE-Crete [I]; Algeria; Tunisia; East ,https://inaturalist-open-data.s3.amazonaws.com/photos/605023474/original.jpg,http://creativecommons.org/licenses/by-nc/4.0/,0,3169317,https://www.gbif.org/species/3169317,2026.07
70,Aphelandra squarrosa,,Zebra Plant,Acanthaceae,Medium to Bright,1000,3500,6,16,28,65,0,0,Non-toxic to dogs and cats (ASPCA).,aspca_verified,medium,Zebra-plant,Ascension; BR; Brazil Northeast; Brazil Southeast; Cameroon [I]; Taiwan [I]; Vietnam [I]; Singapore [I]; Cook Isl. [I]; ,https://inaturalist-open-data.s3.amazonaws.com/photos/610950357/original.jpg,http://creativecommons.org/licenses/by-nc/4.0/,0,7263987,https://www.gbif.org/species/7263987,2026.07
71,Justicia brandegeeana,,Shrimp Plant,Acanthaceae,Bright Indirect,2000,6000,6,16,28,65,,,Toxicity not verified against ASPCA — treat as unknown.,unknown,medium,Honolulu-salvia,Assam; Bangladesh; Benin; Bolivia; Brazil South; Galápagos Islands; Gambia [I]; Benin [I]; Cameroon [I]; Zimbabwe [I]; M,https://inaturalist-open-data.s3.amazonaws.com/photos/605073390/original.jpg,http://creativecommons.org/licenses/by-nc/4.0/,0,3173122,https://www.gbif.org/species/3173122,2026.07
72,Ruellia makoyana,,Monkey Plant,Acanthaceae,Medium to Bright,1000,3500,6,16,28,65,,,Toxicity not verified against ASPCA — treat as unknown.,unknown,medium,Monkey-plant,Brazil Southeast; Zimbabwe [I]; New Caledonia [I]; SE-Brazil,https://inaturalist-open-data.s3.amazonaws.com/photos/612989450/original.jpg,http://creativecommons.org/licenses/by-nc/4.0/,0,8029019,https://www.gbif.org/species/8029019,2026.07
73,Strobilanthes auriculata dyeriana,Strobilanthes dyerianus,Persian Shield,Acanthaceae,Bright Indirect,2000,6000,6,16,28,65,,,Toxicity not verified against ASPCA — treat as unknown.,unknown,medium,Persian shield,"Bangladesh; Cameroon; Cameroon [I]; Zimbabwe [I]; China [I] (Guangdong [I], Yunnan [I]); India (Bihar, West Bengal); Ban",https://inaturalist-open-data.s3.amazonaws.com/photos/654756274/original.jpg,http://creativecommons.org/licenses/by-nc/4.0/,0,3768968,https://www.gbif.org/species/3768968,2026.07
74,Faucaria tigrina,,Tiger Jaws,Aizoaceae,Direct Sun,5000,15000,18,10,35,25,,,Toxicity not verified against ASPCA — treat as unknown.,unknown,medium,Tiger Tigerfig,BR; Cape Provinces; Eastern Cape; South Africa (E-Cape Prov.); TW; ZA,https://inaturalist-open-data.s3.amazonaws.com/photos/396716913/original.jpg,http://creativecommons.org/licenses/by-nc/4.0/,0,3703460,https://www.gbif.org/species/3703460,2026.07
75,Fenestraria rhopalophylla,,Baby Toes,Aizoaceae,Direct Sun,5000,15000,18,10,35,25,,,Toxicity not verified against ASPCA — treat as unknown.,unknown,medium,Windowplant,BR; Cape Provinces; Namibia; Northern Cape; ZA,https://inaturalist-open-data.s3.amazonaws.com/photos/637220861/original.jpg,http://creativecommons.org/licenses/by-nc/4.0/,0,7329187,https://www.gbif.org/species/7329187,2026.07
76,Lithops aucampiae,,Living Stones,Aizoaceae,Direct Sun,5000,15000,18,10,35,25,,,Toxicity not verified against ASPCA — treat as unknown.,unknown,medium,Aucamps Living Stone,"BR; Cape Provinces; Northern Cape, North-West; Northern Provinces; South Africa (North-West Prov., N-Cape Prov.); ZA",https://inaturalist-open-data.s3.amazonaws.com/photos/640631306/original.jpg,http://creativecommons.org/licenses/by-nc/4.0/,0,7329276,https://www.gbif.org/species/7329276,2026.07
82,Ceropegia linearis,,String of Needles,Apocynaceae,Bright Indirect,2000,6000,18,10,35,25,,,Toxicity not verified against ASPCA — treat as unknown.,unknown,medium,Heartleaf Lanternvine,BR; Cape Provinces; Eswatini; KwaZulu-Natal; Mozambique; SE; SE-Kenya; Tanzania; S-Mozambique; South Africa (KwaZulu-Nat,https://inaturalist-open-data.s3.amazonaws.com/photos/624121678/original.jpg,http://creativecommons.org/licenses/by-nc/4.0/,0,7150667,https://www.gbif.org/species/7150667,2026.07
83,Dischidia nummularia,,String of Nickels,Apocynaceae,Bright Indirect,2000,6000,18,10,35,25,,,Toxicity not verified against ASPCA — treat as unknown.,unknown,medium,Button orchid,"Andaman Is.; Assam; Bangladesh; Bismarck Archipelago; Borneo; Cambodia; China (Fujian, Guangdong, Guangxi, Hainan, S-Yun",https://inaturalist-open-data.s3.amazonaws.com/photos/611790591/original.jpg,http://creativecommons.org/licenses/by-nc/4.0/,0,7439694,https://www.gbif.org/species/7439694,2026.07
84,Hoya kerrii,,Sweetheart Hoya,Apocynaceae,Bright Indirect,2000,6000,18,10,35,25,0,0,Non-toxic to dogs and cats (ASPCA).,aspca_verified,medium,Heart Hoya,BR; Cambodia; China Southeast; China [I] (S-Guangdong [I]); Thailand; Laos; Cambodia; Vietnam; Java; Jawa; Laos; Malaya;,https://inaturalist-open-data.s3.amazonaws.com/photos/606576289/original.jpg,http://creativecommons.org/licenses/by-nc/4.0/,0,3573959,https://www.gbif.org/species/3573959,2026.07
88,Mandevilla sanderi,,Brazilian Jasmine,Apocynaceae,Direct Sun,5000,15000,7,16,30,55,,,Toxicity not verified against ASPCA — treat as unknown.,unknown,low,Brazilian jasmine,BR; Brazil Southeast; Colombia [I]; SE-Brazil; Cundinamarca; Galápagos Islands; INTRODUCED; NO,https://inaturalist-open-data.s3.amazonaws.com/photos/610223574/original.jpg,http://creativecommons.org/licenses/by-nc/4.0/,0,3616287,https://www.gbif.org/species/3616287,2026.07
91,Alocasia cuprea,,Mirror Plant,Araceae,Bright Indirect,2000,6000,7,16,30,55,1,1,Inferred from ASPCA: genus 'Alocasia' contains members toxic to dogs and cats. Species-level confirmation pending.,aspca_genus_inferred,low,giant caladium,BR; Borneo; Pasto; TW,https://inaturalist-open-data.s3.amazonaws.com/photos/616578386/original.jpg,http://creativecommons.org/licenses/by/4.0/,1,5329958,https://www.gbif.org/species/5329958,2026.07
92,Alocasia macrorrhizos,,Giant Taro,Araceae,Bright Indirect,2000,6000,7,16,30,55,1,1,Inferred from ASPCA: genus 'Alocasia' contains members toxic to dogs and cats. Species-level confirmation pending.,aspca_genus_inferred,low,Giant taro,Caribbean; Galápagos Islands; INTRODUCED; North America; Oceania; Southern Asia,https://inaturalist-open-data.s3.amazonaws.com/photos/604729623/original.jpg,http://creativecommons.org/publicdomain/zero/1.0/,1,5329904,https://www.gbif.org/species/5329904,2026.07
93,Alocasia reginula,,Black Velvet Alocasia,Araceae,Medium to Bright,1000,3500,7,16,30,55,1,1,Inferred from ASPCA: genus 'Alocasia' contains members toxic to dogs and cats. Species-level confirmation pending.,aspca_genus_inferred,low,Black Velvet Alocasia,Borneo,https://inaturalist-open-data.s3.amazonaws.com/photos/619563869/original.jpg,http://creativecommons.org/licenses/by-nc/4.0/,0,5329895,https://www.gbif.org/species/5329895,2026.07
96,Anthurium crystallinum,,Crystal Anthurium,Araceae,Bright Indirect,2000,6000,7,16,30,55,1,1,Inferred from ASPCA: genus 'Anthurium' contains members toxic to dogs and cats. Species-level confirmation pending.,aspca_genus_inferred,low,Crystal Anthurium,; BR; Colombia; Cuenca de Río Claro; Floridablanca; La Habana | Cundinamarca | Antioquia | Caldas | Tolima | Santander |,https://inaturalist-open-data.s3.amazonaws.com/photos/571901999/original.jpg,http://creativecommons.org/licenses/by-nc/4.0/,0,2872232,https://www.gbif.org/species/2872232,2026.07
100,Epipremnum pinnatum,,Cebu Blue Pothos,Araceae,Medium to Bright,1000,3500,7,16,30,55,1,1,Inferred from ASPCA: genus 'Epipremnum' contains members toxic to dogs and cats. Species-level confirmation pending.,aspca_genus_inferred,low,Centipede tongavine,Caribbean; East Africa; Galápagos Islands; INTRODUCED; North America; Oceania; Southern Asia,https://inaturalist-open-data.s3.amazonaws.com/photos/605329944/original.jpg,http://creativecommons.org/licenses/by-nc/4.0/,0,2868272,https://www.gbif.org/species/2868272,2026.07
102,Monstera adansonii,,Swiss Cheese Vine,Araceae,Medium to Bright,1000,3500,7,16,30,55,1,1,Inferred from ASPCA: genus 'Monstera' contains members toxic to dogs and cats. Species-level confirmation pending.,aspca_genus_inferred,low,Adanson's Monstera,"Amazonas, Antioquia, Arauca, Atlántico, Bolívar, Boyacá, Caldas, Caquetá, Casanare, Cesar, Chocó, Córdoba, Cundinamarca,",https://inaturalist-open-data.s3.amazonaws.com/photos/604861825/original.jpg,http://creativecommons.org/licenses/by-nc/4.0/,0,2868136,https://www.gbif.org/species/2868136,2026.07
103,Monstera obliqua,,Monstera Obliqua,Araceae,Bright Indirect,2000,6000,7,16,30,55,1,1,Inferred from ASPCA: genus 'Monstera' contains members toxic to dogs and cats. Species-level confirmation pending.,aspca_genus_inferred,low,Window-Leaf Monstera,"Amazonas, Antioquia, Caldas, Caquetá, Cauca, Chocó, Cundinamarca, Meta, Putumayo, Quindío, Risaralda, Valle del Cauca, V",https://inaturalist-open-data.s3.amazonaws.com/photos/612938879/original.jpg,http://creativecommons.org/licenses/by-nc/4.0/,0,2868185,https://www.gbif.org/species/2868185,2026.07
105,Philodendron erubescens,,Blushing Philodendron,Araceae,Medium to Bright,1000,3500,7,16,30,55,1,1,Inferred from ASPCA: genus 'Philodendron' contains members toxic to dogs and cats. Species-level confirmation pending.,aspca_genus_inferred,low,Philodendron,Armenia; BR; Colombia; Galápagos Islands; Oceania; Parque Nacional Natural Macuira; South America,https://inaturalist-open-data.s3.amazonaws.com/photos/611189284/original.jpg,http://creativecommons.org/licenses/by-nc/4.0/,0,2871297,https://www.gbif.org/species/2871297,2026.07
107,Philodendron hederaceum hederaceum,Philodendron micans,Velvet Leaf Philodendron,Araceae,Medium to Bright,1000,3500,7,16,30,55,1,1,Inferred from ASPCA: genus 'Philodendron' contains members toxic to dogs and cats. Species-level confirmation pending.,aspca_genus_inferred,low,Sweetheart Plant,Caribbean; Middle America; Oceania; South America,https://inaturalist-open-data.s3.amazonaws.com/photos/605747249/original.jpg,http://creativecommons.org/publicdomain/zero/1.0/,1,7228286,https://www.gbif.org/species/7228286,2026.07
108,Philodendron melanochrysum,,Black Gold Philodendron,Araceae,Bright Indirect,2000,6000,7,16,30,55,1,1,Inferred from ASPCA: genus 'Philodendron' contains members toxic to dogs and cats. Species-level confirmation pending.,aspca_genus_inferred,low,black-gold philodendron,Antioquia; BR; Colombia; San Luis | Antioquia | Chocó | Caquetá,https://inaturalist-open-data.s3.amazonaws.com/photos/612969013/original.jpg,http://creativecommons.org/licenses/by-nc/4.0/,0,2871241,https://www.gbif.org/species/2871241,2026.07
111,Rhaphidophora tetrasperma,,Mini Monstera,Araceae,Bright Indirect,2000,6000,7,16,30,55,,,Toxicity not verified against ASPCA — treat as unknown.,unknown,low,mini monstera,Malaya; Thailand,https://inaturalist-open-data.s3.amazonaws.com/photos/683933371/original.jpg,http://creativecommons.org/licenses/by-nc/4.0/,0,5329745,https://www.gbif.org/species/5329745,2026.07
113,Spathiphyllum floribundum,,Snowflower,Araceae,Medium to Low,500,2500,7,16,30,55,1,1,Inferred from ASPCA: genus 'Spathiphyllum' contains members toxic to dogs and cats. Species-level confirmation pending.,aspca_genus_inferred,low,Snow Flower (Peace Lily),Colombia; Cuenca de Río Claro; Ecuador; Manizales; Peru; Venezuela,https://web.corral.tacc.utexas.edu/brit/BRIT/BRIT1154000/BRIT1154877.jpg,,,2869650,https://www.gbif.org/species/2869650,2026.07
115,Xanthosoma sagittifolium,,Arrowleaf Elephant Ear,Araceae,Bright Indirect,2000,6000,7,16,30,55,,,Toxicity not verified against ASPCA — treat as unknown.,unknown,low,Arrowleaf Elephant's Ear,"Amazonas, Antioquia, Chocó, Cundinamarca, La Guajira, Nariño, Risaralda, Santander, Tolima, Valle del Cauca; Caribbean; ",https://inaturalist-open-data.s3.amazonaws.com/photos/604926112/original.jpg,http://creativecommons.org/licenses/by-nc/4.0/,0,5330901,https://www.gbif.org/species/5330901,2026.07
118,Hedera canariensis,,Algerian Ivy,Araliaceae,Medium to Bright,1000,3500,7,16,30,55,1,1,Inferred from ASPCA: genus 'Hedera' contains members toxic to dogs and cats. Species-level confirmation pending.,aspca_genus_inferred,low,Algerian ivy,"BR; Canary Is.; Cundinamarca; France [I]; ?Morocco; Azores (Santa Maria Isl., Sao Miguel Isl., Terceira, Sao Jorge, Pico",https://inaturalist-open-data.s3.amazonaws.com/photos/604661494/original.jpg,http://creativecommons.org/licenses/by-nc/4.0/,0,3036170,https://www.gbif.org/species/3036170,2026.07
120,Polyscias fruticosa,,Ming Aralia,Araliaceae,Bright Indirect,2000,6000,7,16,30,55,1,1,Inferred from ASPCA: genus 'Polyscias' contains members toxic to dogs and cats. Species-level confirmation pending.,aspca_genus_inferred,low,Ming Aralia,Andaman Is.; Bangladesh; Bismarck Archipelago; Borneo; Caribbean; Caroline Is.; Christmas I.; Galápagos Islands; INTRODU,https://inaturalist-open-data.s3.amazonaws.com/photos/609455871/original.jpg,http://creativecommons.org/licenses/by-nc/4.0/,0,3035652,https://www.gbif.org/species/3035652,2026.07
121,Polyscias scutellaria,,Shield Aralia,Araliaceae,Bright Indirect,2000,6000,7,16,30,55,1,1,Inferred from ASPCA: genus 'Polyscias' contains members toxic to dogs and cats. Species-level confirmation pending.,aspca_genus_inferred,low,Shield Aralia,Caribbean; Caroline Is.; Dominican Republic; Galápagos Islands; Gilbert Is.; Haiti; INTRODUCED; Leeward Is.; Line Is.; o,https://inaturalist-open-data.s3.amazonaws.com/photos/608389605/original.jpg,http://creativecommons.org/licenses/by-nc/4.0/,0,3035778,https://www.gbif.org/species/3035778,2026.07
123,Caryota mitis,,Fishtail Palm,Arecaceae,Bright Indirect,2000,6000,7,16,30,55,,,Toxicity not verified against ASPCA — treat as unknown.,unknown,medium,Burmese Fishtail Palm,Galápagos Islands; INTRODUCED; North America; Oceania; Southern Asia,https://inaturalist-open-data.s3.amazonaws.com/photos/605401723/original.jpg,http://creativecommons.org/licenses/by-nc/4.0/,0,2738902,https://www.gbif.org/species/2738902,2026.07
124,Chamaedorea seifrizii,,Bamboo Palm,Arecaceae,Medium to Bright,1000,3500,7,16,30,55,,,Toxicity not verified against ASPCA — treat as unknown.,unknown,medium,Seifriz's Chamaedorea,INTRODUCED; Middle America; Montería; North America; South America,https://inaturalist-open-data.s3.amazonaws.com/photos/628753602/original.jpg,http://creativecommons.org/licenses/by-nc/4.0/,0,2734708,https://www.gbif.org/species/2734708,2026.07
126,Licuala grandis,,Ruffled Fan Palm,Arecaceae,Bright Indirect,2000,6000,7,16,30,55,,,Toxicity not verified against ASPCA — treat as unknown.,unknown,medium,Grosse Licuala Palm,INTRODUCED; Malaya; Santa Cruz Is.; Society Is.; Trinidad-Tobago,https://inaturalist-open-data.s3.amazonaws.com/photos/605923997/original.jpg,http://creativecommons.org/licenses/by/4.0/,1,8008690,https://www.gbif.org/species/8008690,2026.07
129,Agave victoriae-reginae,,Queen Victoria Agave,Asparagaceae,Direct Sun,5000,15000,7,16,30,55,,,Toxicity not verified against ASPCA — treat as unknown.,unknown,low,Queen Victoria Agave,BR; Global; Mexico Northeast; TW,https://inaturalist-open-data.s3.amazonaws.com/photos/605461242/original.jpg,http://creativecommons.org/licenses/by-nc/4.0/,0,2766696,https://www.gbif.org/species/2766696,2026.07
136,Dracaena sanderiana,,Lucky Bamboo,Asparagaceae,Medium to Low,500,2500,7,16,30,55,1,1,Inferred from ASPCA: genus 'Dracaena' contains members toxic to dogs and cats. Species-level confirmation pending.,aspca_genus_inferred,medium,Belgian evergreen,Angola; Cameroon; Central African Republic,https://inaturalist-open-data.s3.amazonaws.com/photos/610142513/original.jpg,http://creativecommons.org/licenses/by-nc/4.0/,0,7431653,https://www.gbif.org/species/7431653,2026.07
148,Senecio macroglossus,,Wax Ivy,Asteraceae,Bright Indirect,2000,6000,7,15,28,50,1,1,Inferred from ASPCA: genus 'Senecio' contains members toxic to dogs and cats. Species-level confirmation pending.,aspca_genus_inferred,medium,Cape-ivy,"Congo [Brazzaville] [I]; Ethiopia [I]; Zimbabwe; Mozambique; South Africa (Mpulamanga, KwaZulu-Natal, E-Cape Prov.); Mau",https://inaturalist-open-data.s3.amazonaws.com/photos/613292592/original.jpg,http://creativecommons.org/licenses/by-nc/4.0/,0,3107720,https://www.gbif.org/species/3107720,2026.07
151,Begonia bowerae,,Eyelash Begonia,Begoniaceae,Medium to Bright,1000,3500,6,16,28,65,1,1,Inferred from ASPCA: genus 'Begonia' contains members toxic to dogs and cats. Species-level confirmation pending.,aspca_genus_inferred,medium,Eyelash Begonia,"BR; Boyacá, Risaralda; INTRODUCED; Mexico Southeast; Mexico Southwest; Taiwan [I]; Mexico (Chiapas, Oaxaca); Colombia [c",https://inaturalist-open-data.s3.amazonaws.com/photos/375957538/original.jpg,http://creativecommons.org/licenses/by-nc/4.0/,0,7303280,https://www.gbif.org/species/7303280,2026.07
152,Begonia coccinea,,Angel Wing Begonia,Begoniaceae,Bright Indirect,2000,6000,6,16,28,65,1,1,Inferred from ASPCA: genus 'Begonia' contains members toxic to dogs and cats. Species-level confirmation pending.,aspca_genus_inferred,medium,Scarlet Begonia,Bogotá; Brazil Southeast; Caribbean; Cuba; INTRODUCED; Puerto Rico; South America; Trinidad-Tobago; Zimbabwe [I]; Taiwan,https://inaturalist-open-data.s3.amazonaws.com/photos/618997228/original.jpg,http://creativecommons.org/licenses/by-nc/4.0/,0,2874715,https://www.gbif.org/species/2874715,2026.07
153,Begonia luxurians,,Palm Leaf Begonia,Begoniaceae,Bright Indirect,2000,6000,6,16,28,65,1,1,Inferred from ASPCA: genus 'Begonia' contains members toxic to dogs and cats. Species-level confirmation pending.,aspca_genus_inferred,medium,palm leaf begonia,"BR; SE-Brazil (Minas Gerais, São Paulo, Rio de Janeiro)",http://jbrj-public-img.s3-sa-east-1.amazonaws.com/JPG/rbr/rbr/0/6/16/7/rbr00061607.jpg,http://creativecommons.org/licenses/by/4.0/,1,7303536,https://www.gbif.org/species/7303536,2026.07
177,Tradescantia pallida,,Purple Heart,Commelinaceae,Direct Sun,5000,15000,7,16,30,55,1,1,Inferred from ASPCA: genus 'Tradescantia' contains members toxic to dogs and cats. Species-level confirmation pending.,aspca_genus_inferred,low,"""Wandering Jew""",Caribbean; East Africa; Galápagos Islands; INTRODUCED; North America,https://inaturalist-open-data.s3.amazonaws.com/photos/605738794/original.jpg,http://creativecommons.org/licenses/by-nc/4.0/,0,2765221,https://www.gbif.org/species/2765221,2026.07
